<?xml version="1.0" encoding="utf-8"?>
<odoo>

    <menuitem id="show_project_kanban_menu"
        name="Dashboard"
        parent="situation_mediclim_menu_root">

    </menuitem>
<!--        action="action_menu_custom_dat"-->
<!--        sequence="0"/>-->

<!--    <record id="action_menu_custom_dat" model="ir.actions.server">-->
<!--        <field name="name">Your Action</field>-->
<!--        <field name="type">ir.actions.server</field>-->
<!--        <field name="model_id" ref="project.project"/>-->
<!--        <field name="state">code</field>-->
<!--        <field name="code">action = model.total_project()</field>-->
<!--        <field eval="True" name="condition"/>-->
<!--    </record>-->

<!--    <record model="ir.actions.server" id="print_instance">-->
<!--        <field name="name">Res Partner Server Action</field>-->
<!--        <field name="model_id" ref="model_res_partner"/>-->
<!--        <field name="state">code</field>-->
<!--        <field name="code">-->
<!--            if record.some_condition():-->
<!--                action = {-->
<!--                    "type": "ir.actions.act_window",-->
<!--                    "view_mode": "form",-->
<!--                    "res_model": record._name,-->
<!--                    "res_id": record.id,-->
<!--                }-->
<!--        </field>-->
<!--    </record>-->

</odoo>